CÓDIGO BIC,ID_REGAGE,MUNICIPIO,PROVINCIA,BIEN,DIRECCIÓN/LUGAR,X,Y,CATEGORÍA,FECHA DECLARACIÓN,FECHA DIARIO,FECHA BOLETÍN,HAY DATOS,ENTREGADO
,,Columna1,Columna7,Columna2,Columna8,Columna9,Columna10,Columna3,Columna12,Columna13,Columna14,,
,(R.I.) - 51 - 0000491 - 00000,ABADÍA,CÁCERES,Palacio Duques de Alba (La Abadía),"Calle Subida Castillo, 5 CP. 10748","247082,89","4460967,5",Monumento,,LA GACETA: 04-06-1931,,,
15462,(R.I.) - 52 - 0000005 - 00000,ABADÍA,CÁCERES,Jardín del Palacio de los Duques de Alba,"Calle Subida Castillo, 5 CP. 10748",247009,4461046,Monumento,,,GACETA DE MARDRID: 04-06-1931,,1
28163,,ABADÍA,CÁCERES,Convento de la Bien Parada,"DS Convento 169 Polígono 8, parcela 169 CP. 10748",245713,4460397,Monumento,"DECRETO 70/2012, de 27 abril",DOE: 04-05-2012,BOE:11-07-2012,,
30287,,ABADÍA,CÁCERES,El Palacio y los Jardines de los Duques de Alba,"Calle Subida Castillo, 5 CP. 10748",247009,4461046,Monumento," DECRETO 19/2022, de 2  marzo",DOE: 08-03-2022,BOE: 19-04-2022,,
2320,1260,ACEBO,CÁCERES,Iglesia de Ntra. Sra. De los Ángeles,"Plaza Mayor, 5 CP. 10857",183611,4456759,Monumento,"DECRETO 167/2017, de 17 octubre",DOE: 23-10-2017,BOE: 10-01-2018,,
3042,(R.I.) - 51 - 0000396 - 00000,ALANGE,BADAJOZ,Baños Romanos,"Calle Nueva, 1 CP. 06840",218244,4297907,Monumento,3-6-31,,GACETA DE MADRID: 04-06-1931,,
,(R.I.) - 51 – 0000293 – 00000,ALBURQUERQUE,BADAJOZ,Abrigos del  Risco de San Blas,,150646,4350079,Monumento,25-4-24,,GACETA DE MADRID: 07-05-1924,,
,(R.I.) - 51 – 00001079 – 00000,ALBURQUERQUE,BADAJOZ,Castillo y Restos de Fortificación (castillo de Luna),"calle Carcel, 1  CP. 06510",154393,4348584,Monumento,27-11-33,,GACETA DE MADRID: 07-12-1933,,
16052,R-I-53-0000459-00000,ALBURQUERQUE,BADAJOZ,Conjunto Histórico Artístico de la ciudad,"Calle de San Mateo, 1 CP. 06510",154454,4348637,Conjunto Histórico,"DECRETO 97/1998,  de 21 julio",,BOE: 04-11-1998,,
9884,R-I-51-0007109-00000,ALBURQUERQUE,BADAJOZ,Iglesia de Santa María del Mercado,"Travesía Santa María, 1 CP. 06510",154459,4348628,Monumento,"DECRETO 61/1991, 23 de julio",DOE: 30-07-1991,,,
,(R.I.) - 51 – 0000299 - 00000,ALCÁNTARA,CÁCERES,Puente romano con arco triunfal,,166357,4404192,Monumento,,,GACETA DE MADRID: 18-08-1924,,
2743,(R.I.) - 51 - 0000131 - 00000,ALCÁNTARA,CÁCERES,Convento de San Benito,"Plaza San Benito, 1 CP. 10980",167008,4403972,Monumento,,,GACETA DE MADRID: 25-03-1924,,
7777,R-I-51-00005011,ALCÁNTARA,CÁCERES,Iglesia de Santa María de Almocóvar,"Plaza de España, 15 CP. 10980",166773,4403968,Monumento,"REAL DECRETO 754/1987, de 8 mayo",,BOE: 19-06-1987,,
30322,,ALCÁNTARA,CÁCERES,Sitio Histórico,"Plaza de España, 1 CP. 10980",166874,4403821,Sitio Histórico,"DECRETO 147/2022, de 7 diciembre",DOE 13-12-2022,BOE: 06-03-2023,,
29880,,ALCÁNTARA,CÁCERES,Peña Buraca,"Polígono 1, parcela 77, Puente Segura Alta CP. 10991",163161,4412404,Zona Arqueológica,"DECRETO 85/2018, de 12 junio",DOE: 18-06-2018,BOE: 06-07-2018,,
,,GARROVILLAS DE ALCONÉTAR,CÁCERES,Puente Romano ,,205525,4406118,Monumento,,,LA GACETA: 04-06-1931,,
7708,(R.I.) - 51 – 0004947 - 00000,ALCUÉSCAR,CÁCERES,Basílica Hispano-Visigoda de Sta. Lucía,"Polígono 12, parcela 507 CP. 10. 160",221518,4338680,Monumento,"REAL DECRETO 2910/1983, de 5 octubre",,BOE: 24-11-1983,,
30167,,ALDEACENTENERA,CÁCERES,Puente del Conde,,"278277,44","4381747,61",Monumento,"DECRETO 40/2021, de 18 mayo",DOE: 25-05-2021,BOE: 29-06-2021,,
9864,R.I.) – 51 – 0007089-00000,ALMENDRALEJO,BADAJOZ,El Obrero Extremeño,"Plaza Espronceda, 5 CP. 06200",203340,4287033,Monumento,"DECRETO 123/1995, de 5 septiembre",DOE: 09-09-1995,,,
9827,(A.R.I.) - 51 – 0007052 - 00000,ALMENDRALEJO,BADAJOZ,Plaza de Toros,"Carretera de Sevilla, s/n CP. 06200",204294,4286966,Monumento,"DECRETO 211/2014, de 9 septiembre",DOE: 15-09-2014,BOE: 21-10-2014,,
8790,(R.I.) – 51 – 0005423 -00000,ALMENDRALEJO,BADAJOZ,Teatro Carolina Coronado,"Calle Carolina Coronado, 10 CP. 06200",203367,4287065,Monumento,"DECRETO 143/1995, de 5 septiembre",DOE: 09-09-1995,,,
7020,(R.I.) - 51 – 0004297 - 00000,ALMOHARÍN,CÁCERES,Iglesia Parroquial del Salvador,"Plaza de España, 1 (D) CP. 10132",237041,4340788,Monumento,"REAL DECRETO 2944/1978, de 27 octubre",,BOE: 15-12-1978,,
7245,(R.I.) - 51 - 0004514 - 00000,ARROYO DE LA LUZ,CÁCERES,Iglesia Nuestra Señora de la Asunción,"Plaza Constitución, 28 CP. 10900",191662,4376630,Monumento,"REAL DECRETO 2376/1981,  de 20 agosto",,BOE: 20-10-1981,,
28702,28702,ARROYOMOLINOS Y MONTÁNCHEZ,CÁCERES,Conjunto de Molinos,,"228096,17","4343604,38",Lugar de Interés Etnológico,"DECRETO 239/2013, de 17 diciembre",DOE: 23-12-2013,BOE: 04-03-2014,,
16075,R-I-53-0000482-00000,AZUAGA,BADAJOZ,Comjunto histórico,"Plaza de la Merced, 1 CP. 06920",266074,4237765,Conjunto Histórico,"DECRETO 15/1998, de 10 febrero",DOE: 14-02-1988,,,
10187,(R.I.) – 51 – 0007412 -00000,AZUAGA,BADAJOZ,Iglesia Ntra. Sra. de la Consolación,"Calle Iglesia, 6 CP. 06920",266376,4237593,Monumento,"DECRETO 15/1998, de 10 de febrero",DOE: 14-02-1998,BOE: 06-04-1998,,
9693,(R.I.) - 51 - 0006923 - 00000,BADAJOZ,BADAJOZ,"Casas Nº 16, 16-a y 16-b de la Avd. de Joaquín Costa CONVENTO DE CLARISAS","Avenida Joaquín Costa, 16 CP. 06001",155237,4311085,Monumento,"REAL DECRETO 1596/1989, de 22 diciembre",,BOE: 29-12-1989,,
4008,(R.I.) - 51 - 0001307 - 00000,BADAJOZ,BADAJOZ,Museo Arqueológico Provincial,"Plaza José Álvarez Sáez de Buruaga, s/n CP. 06002",155750,4311196,Monumento,"DECRETO 474/1962, de 1 marzo",,BOE: 09-03-1962,,
1799,(R.I.) – AR – 0000017 -00000,BADAJOZ,BADAJOZ,Archivo Histórico Provincial,"Avenida Europa, 2, 3ª planta CP. 10004",155300,4310408,Monumento,,,BOE: 29-06-1985,,
28550,,BADAJOZ,BADAJOZ,Edificio Metálico (antiguo Mercado de Abastos),"Avenida Elvas, s/n CP. 06006",152146,4311427,Monumento,"DECRETO 251/2021, de 18 diciembre",DOE: 24-12-2012,BOE: 29-01-2013,,
3040,(R.I.) - 51 - 0000394 - 00000,BADAJOZ,BADAJOZ, Catedral San Juan Bautista,"Plaza España, 1 CP. 06002",155403,4310625,Monumento,LA GACETA: 04-06-1931,,,,
3045,R-I-51-0000399-00000,BADAJOZ,BADAJOZ," Torre de Espantaperros, Alcázar  y Recinto de Badajoz (Alcazaba)","Parque La Alcazaba, 4 CP. 06007",155754,4311274,Monumento,3-6-31,,LA GACETA: 04-06-1931,,
4009,R-I-51-0001308-00000,BADAJOZ,BADAJOZ,Museo de Bellas Artes,"C. Duque de San German, 3 CP. 06001",155413,4310939,Monumento,1-3-62,,LA GACETA: 09-03-1962,,
30316,,BADAJOZ,BADAJOZ,Puente de Cantillana,,"156807,234","4314937,419",Monumento,"DECRETO  81/2022, de 22 de junio",DOE: 29-06-2022 ,BOE: 12-08-2022,,
9781,(R.I.) - 51 – 0007012 - 00000,BAÑOS DE MONTEMAYOR,CÁCERES,Balneario,"Avenida de las Termas, 64 CP. 10750",257213,4467151,Monumento,"DECRETO 1/1995, de 10 enero",DOE: 17-01-1995,,,
2323,,BAÑOS DE MONTEMAYOR,CÁCERES,Iglesia Parroquial de Santa María de la Asunción,"Calle Doctor Rengifo, 40, CP. 10750  ",257207,4466986,Monumento,"DECRETO 59/2022, de 25 mayo",DOE: 01-06-2022,BOE: 23-06-2022,,
6931,(R.I.) - 51 - 0004212 - 00000,BELVÍS DE MONROY,CÁCERES,Iglesia Parroquial de Santiago Apóstol,"Calle de la Iglesia, 2 CP. 10394",276537,4411035,Monumento,ORDEN 3 de febrero de 1973,,BOE: 06-04-1976,,1
,,BELVÍS DE MONROY,CÁCERES,Castillo,"C. de la Iglesia, s/n, CP. 10394",276420,4411038,Monumento,,,17/02/1983,,
8185,(R.I.) - 51 – 0005418 - 00000,BERLANGA,BADAJOZ,Iglesia Parroquial Ntra. Sra. de Gracia,"Calle Iglesia, 14A CP. 06930",252273,4240922,Monumento,"DECRETO 63/1991, de 23 julio",DOE: 30-07-1991,,,
6979,(R.I.) - 51 - 0004258 - 00000,BERZOCANA,CÁCERES,Iglesia parroquial de  San Juan Bautista,"Calle San Fulgencio, 18 CP. 10129",288211,4368277,Monumento,"DECRETO 15/2024, de 20 febrero",DOE: 26-02-2024,,, 
7716,(R.I.) - 51 – 0004953 - 00000,BIENVENIDA,BADAJOZ,Iglesia Ntra. Sra. de los Ángeles,"Plaza España, 3 CP. 06250",219262,4243848,Monumento,DECRETO 3182/1983 de 19 octubre,,BOE: 27-12-1983,,
16624,(R.I.) - 55 – 0000015 - 00000,BOHONAL DE IBOR,CÁCERES,Ruinas romanas de Talavera la Vieja (Augustóbriga),Polígono 3 parcela 1. Embalse Valdecañas CP. 10320,287507,4409271,Monumento,,,LA GACETA: 04-06-1931,,
29439,,"BOTIJA, PLASENZUELA Y CÁCERES",CÁCERES,"Yacimiento arqueológico de Villasviejas del Tamuja y necrópolis de El Mercadillo, el Romazal  I y El Romazal II","Polígono 1, parcela 17 Villas Viejas CP. 10188",234022,4361695,Zona Arqueológica,"DECRETO 92/2016, de 5 julio",DOE: 11-07-2016,BOE: 14-11-2016,,
9606,R-I-51-0006836-00000,BROZAS,CÁCERES,Iglesia Parroquial de la Asunción,"Plaza Príncipe de Asturias, 22 , CP. 10. 950",175488,4391513,Monumento,"REAL DECRETO 1369/1988, de 11 noviembre",,BOE:16-11-1988,,
29437,,BROZAS,CÁCERES,Conjunto Histórico. Patrimonio Histórico-Artístico de Brozas,"Plaza Príncipe de Asturias, 1 CP. 10950",175582,4391293,Conjunto Histórico,"DECRETO 148/2013, de 13 septiembre",DOE: 19-09-2016,BOE: 14-10-2016,,
15962,(R.I.) - 53 – 0000370 - 00000,BURGUILLOS DEL CERRO,BADAJOZ,Conjunto Histórico,"Plaza Altozano, 4 CP. 06370",186207,4254435,Conjunto Histórico,"DECRETO 54/1998, de 21 abril",DOE: 28-04-1998,BOE: 09-06-1998,,
9765,A-R-I-51-0006996-00000,CABEZA DEL BUEY,BADAJOZ,Santuario de Nuestra Señora de Belén,Carretera Cabeza del Buey CP. 06600,297932,4286719,Monumento,"DECRETO 168/2017, de 17 octubre",DOE: 23-10-2017,BOE: 10-01-2018,,
30159,,CABEZA DEL BUEY,BADAJOZ,El Sermón de la Pasión,"Plaza de España, 1 CP. 06600","307357,56","4288395,5",Patrimonio Cultural Inmaterial,"DECRETO 90/2021, de 21 julio",DOE: 27-06-2021,BOE: 08-10-2021,,
15937,R-I-53-0000345-00000,CABEZUELA DEL VALLE,CÁCERES,Conjunto Histórico,"Avenida Plaza de Extremadura, 9 CP. 10610",261069,4453021,Conjunto Histórico,"DECRETO 55/1998, de 21 abril",DOE: 09-06-1998,BOE: 09-06-1998,,
6984,(R.I.) - 51 – 0004263 - 00000,CÁCERES,CÁCERES,Palacio de los Golfines de Arriba,"Calle Olmos, 2 CP. 10003",209933,4374725,Monumento,"REAL DECRETO 3594/1977, de 18 diciembre",,BOE: 30-01-1978,,
28171,28171,CÁCERES,CÁCERES,Palacio Carvajal,"Calle Amargura, 1 CP. 10003",210139,4374882,Monumento,"DECRETO 69/2012, de 27 abril",DOE: 04-05-2012,BOE: 11-07-2012,,
8212,A.R.I. - 51 – 0005444 - 00000,CÁCERES,CÁCERES,Plaza de Toros,"Plaza Regimiento de Argel, Plaza de toros, s/n CP. 10004",209655,4375524,Monumento,DECRETO 10 marzo 1992,DOE: 17-003-1992,,,
16626,A.R.I. - 55 – 0000017 - 00000,CÁCERES,CÁCERES,Ruinas romanas “Cáceres el Viejo”,"Carretera Extremadura 390, km. 2,5 CP. 10004",211890,4377472,Monumento,,,LA GACETA: 04-06-1931,,
10043,(R.I.) - 51 - 0007267 - 00000,CÁCERES,CÁCERES,Palacio de la Camarena,"Calle General Ezponda, 9 CP. 10003",209901,4375001,Monumento,"DECRETO 94/1992, de 30 junio",DOE: 09-07-1992,,,
4038,R-I-51-0001337,CÁCERES,CÁCERES,Museo de Bellas Artes,"Calle Barrio San Antonio, 14 CP. 10003",210125,4374663,Monumento,01/03/1962,,09/03/1962,,
,(R.I.) - AR -0000489-00000,CÁCERES,CÁCERES,Casa de las Veletas,"Cjón. del Gallo, CP. 10003",210083,4374653,Monumento,,,LA GACETA: 04-06-1931,,
9769,(R.I.) - 51 - 0007000 - 00000,CÁCERES,CÁCERES,Oratorio-Enfermería San Pedro de Alcántara,"Plaza de la Audiencia, 2 CP. 10003",210161,4375129,Monumento,"REAL DECRETO 1558/1990, de 30 noviembre",DOE:,BOE: 4-12-1990,,
,(R.I.) - AR-0000021-00000,CÁCERES,CÁCERES,Archivo Histórico Provincial,"Plaza Conde de Canilleros, 1 CP. 10003",210081,4374959,Monumento,,,BOE: 29-06-1985,,
3137,A.R.I. - 51 – 0000480 - 00000,CÁCERES,CÁCERES,Palacio de los Golfines de Abajo,"Plaza Golfines, 1 CP. 10003",210138,4374795,Monumento,,,LA GACETA: 04-06-1931,,
3139,(R.I.) - 51 - 0000490 - 00000,CÁCERES,CÁCERES,Casa Mudéjar (Casa morisca),"Cuesta de Aldana, 14 CP. 10003",209956,4374763,Monumento,,,LA GACETA: 04-06-1931,,
16623,(R.I.) - 51-0000351-00000,CÁCERES,CÁCERES,Murallas,,,,Monumento,,,LA GACETA: 27-08-1930,,
17758,,CÁCERES,CÁCERES,Poblado Minero “Aldea Moret”,,"208218,3","4371765,97",Lugar de Interés Etnológico,"DECRETO 92/2011, de 20 mayo",DOE: 27-05-2011,BOE: 16-06-2011,,
3136,(R.I.) - 51 – 0000487 - 00000,CÁCERES,CÁCERES,Iglesia Parroquial de Santa María,"Plaza de Santa María, 3 CP: 10003",210113,4374859,Monumento,,,LA GACETA: 04-06-1931,,
4151,(R.I.) - 51 – 0001447 – 00000,CÁCERES,CÁCERES,Cueva de Maltravieso,"Av. de Cervantes, 54, CP. 10005",209886,4373031,Zona Arqueológica,DECRETO 25-04-1963,,20/05/1963,,
9922,(R.I.) - 51 – 0007147 - 00000,CÁCERES,CÁCERES,"Chalet de los Málagas (Avda. de España, 13)","Avenida España, 13 CP. 10002",209514,4374517,Monumento,"DECRETO 130/1993, de 30 noviembre y DECRETO252/2000, de 19 diciembre",DOE: 02-12-1993 y DOE:26-12-2000,BOE: 16-03-2001,,
15554,(R.I.) - 53 – 0000016 - 00001 (R.I.) - 53 – 0000016 – 00002 (R.I.) - 53 – 0000016 – 00003 (R.I.) - 53 – 0000016 – 00004   (R.I.) - 53 – 0000016 – 00005 (R.I.) - 53 – 0000016 - 00006 (R.I.) - 53 – 0000016 – 00007  (R.I.) - 53 – 0000016 – 00008   (R.I.) - 53 – 0000016 – 00009,CÁCERES,CÁCERES,Conjunto Histórico Monumental,"Plaza Mayor, 1 CP. 10003",210058,4374751,Conjunto Histórico,DECRETO 21-01-1949,,BOE: 02-02-1949,,
,(R.I.) - 53 - 0000016 - 00003,CÁCERES,CÁCERES,Casa Plaza de la Concepción/Casa de la Isla,"Pl. de la Concepción, 4 CP. 10003",209886,4374950,Conjunto Histórico,DECRETO 21-01-1949,,BOE: 02-02-1949,,
15558,(R.I.) - 53 - 0000016 - 00004,CÁCERES,CÁCERES,"Casa de la Roca, Palacio de Godoy","C. Camberos, 6, CP. 10003","210138,26","4375027,87",Conjunto Histórico,,,BOE: 02-02-1949,,
15559,(R.I.) - 53 - 0000016 - 00005,CÁCERES,CÁCERES,Colegio Viejo de San Pedro,Calle San Pedro,,,Conjunto Histórico,,,BOE: 02-02-1949,,
,(R.I.) - 53 - 0000016 - 00006,CÁCERES,CÁCERES,Iglesia de Santiago,"Pl. de Santiago, 10, CP. 10003",210198,4375040,Conjunto Histórico,DECRETO 21-01-1949,,BOE: 02-02-1949,,
15561,(R.I.) - 53 - 0000016 - 00007,CÁCERES,CÁCERES,Convento de San Francisco," Rda. de San Francisco, 13, CP. 10002",210270,4374096,Conjunto Histórico,,,BOE: 02-02-1949,,
15562,(R.I.) - 53 - 0000016 - 00008,CÁCERES,CÁCERES,Ermita del Espíritu Santo,"C. la Roche Sur Yon, 27, CP. 10002 ",210249,4373367,Conjunto Histórico,,,BOE: 02-02-1949,,1
,(R.I.) - 53 - 0000016 - 00009,CÁCERES,CÁCERES,Santuario de Nuestra Señora de la Montaña,"Ctra. de la Montaña, s/n, CP. 10003 ",211635,4373450,Conjunto Histórico,DECRETO 21-01-1949,,BOE: 02-02-1949,,
15555,(R.I.) - 53 - 0000016 - 00001,CÁCERES,CÁCERES,Palacio de Abrantes,"Pl. del Duque, 13, CP. 10003 ",210030,4375034,Conjunto Histórico,,,BOE: 02-02-1949,,
30536,,CÁCERES,CÁCERES,Poblado de Zamarrillas,,"216429,05","4363495,81",Sitio Histórico,"DECRETO 26/2024, de 26 marzo",DOE: 2-04-2024,,,
15556,(R.I.) - 53 - 0000016 - 00002,CÁCERES,CÁCERES,Casa de los Trucos,"Calle Gral. Ezponda, 14, CP. 10003",209927,4375026,Conjunto Histórico,,,BOE: 02-02-1949,,
28512,,CABEZA DEL BUEY,BADAJOZ,Yacimiento Arqueológico La Nava,,"305140,94","4284574,83",Zona Arqueológica,"DECRETO 27/2024, de 26 marzo",DOE: 02-04-2024,,,
3049,(R.I.) - 51 - 0000403 - 00000,CALERA DE LEÓN,BADAJOZ,Convento de Santiago,"Plaza España, 14 CP. 06292",207344,4222819,Monumento,,,LA GACETA: 04-06-1931,,
3048,(R.I.) - 51 – 0000402 - 00000,CALERA DE LEÓN,BADAJOZ,Monasterio de Santa María de Tentudía,"Carretera Monasterio de Tentudia, s/n CP. 06292 ",207060,4217091,Monumento,,,LA GACETA: 04-06-1931,,
29897,(R.I.) - 51 – 0000109 - 00000,CALERA DE LEÓN,BADAJOZ,Pozo de Nieve y Alberca, ,207171,4217703,Lugar de Interés Etnológico,"DECRETO 60/2022, de 25 mayo",DOE: 01-06-2022,BOE:27-07-2022,,
7440,(R.I.) - 51 - 0004695 - 00000,CALZADILLA DE LOS BARROS,BADAJOZ,Iglesia del Salvador,"Plaza Salvador, 14a CP. 06249",210043,4244342,Monumento,REAL DECRETO 2731/1982 de 10 septiembre,,BOE declaración: 02-11-1982,,
9837,R-I-51-0007062-00000,CAMPANARIO,BADAJOZ,Ermita Ntra. Sra. de Piedraescrita,Los Barrancos. Polígono 9. Parcela 503 CP. 06460,277139,4306272,Monumento,"DECRETO 50/1994, de 22 marzo",DOE:29-03-1994,,,
30170,(R.I.) - BI– 0000030 - 00000,CAMPANARIO,BADAJOZ,"Conjunto arqueológico de ""La Mata""",,267640,4305774,Zona Arqueológica,"DECRETO 74/2020, de 9 diciembre",DOE: 16-12-2020,BOE: 08-10-2021,,
30393,,CAPILLA,BADAJOZ,Cerro del Castillo,"C. Calvario, 4, CP. 06612 ",318903,4299010,Zona Arqueológica,"DECRETO 142/2022, de 30 noviembre",DOE: 07-12-2022,BOE: 06-02-2023,,
10162,A-R-I-51-0007386-00000,CAPILLA,BADAJOZ,Iglesia Parroquial de Santiago Apóstol,"Calle Guardia Civil, 22 CP. 06612",319041,4298836,Monumento, DECRETO 156/2022  de 21 de diciembre,DOE 27-12-2022,BOE: 06-02-2023,,
9930,R-I-51-0007155-00000,CASAR DE CÁCERES,CÁCERES,Parroquia de Ntra. Sra. de la Asunción,Plaza la Llanada CP. 10190,206226,4384642,Monumento,"DECRETO 134/1991, de 17 diciembre",DOE: 24-12-1991,,,
28174,A.R.I. – 53 – 0000047-00000,CASAS DE REINA Y REINA,BADAJOZ,Ciudad Romana de Regina Turdulorum,"Polígono 4, parcela 307, San Blas CP. 06960",241586,4232424,Zona Arqueológica,"DECRETO 71/2012, de 27 abril",DOE: 04-05-2012,BOE: 11-07-2012,,
4336,R.I.) – 51 – 0001632-00000,CASATEJADA,CÁCERES,Iglesia de San Pedro “Ad Vincula”,"Plaza de España, 7 CP. 10520",270450,4418633,Monumento,"DECRETO 536/1965, de 25 febrero",,BOE: 13-03-1965,,
16591,R-I-54-0000253-00000,CASTUERA,BADAJOZ,Campo de Concentración,"Polígono 1, Parcela 646, Verilleja CP. 06429",281316,4289069,Sitio Histórico,"DECRETO 97/2009, de 30 abril",DOE: 13-05-2009,BOE: 13-06-2009,,
30300,,CC.AA. EXTREMADURA,,La Montería y la Rehala en Extremadura,,,,Patrimonio Cultural Inmaterial,"DECRETO 84/2022, de 28 mayo",DOE: 05-06-2022,BOE: 08-09-2022,,
30403,,CC.AA. EXTREMADURA,,La Trashumancia en Extremadura,,,,Patrimonio Cultural Inmaterial," DECRETO 135/2022, de 9 noviembre",DOE: 15-11_2022,BOE:03-12-2022,,
30298,,CC.AA. EXTREMADURA,,El Flamenco en Extremadura,,,,Patrimonio Cultural Inmaterial,"DECRETO 22/2022, de 9 marzo",DOE: 15-03-2022,BOE: 15-04-2022,,
30511,,CC.AA. EXTREMADURA,,La Cetrería en Extremadura,,,,Patrimonio Cultural Inmaterial,DECRETO 37/2023 de 19 de abril ,DOE: 25-04-2023,BOE: 22-05-2023,,
16384,R-I-54-0000046,VALLE DEL JERTE,CÁCERES,Paisaje Pintoresco del Valle del Jerte,,,,Sitio Histórico,"DECRETO 3360/1973, de 14 diciembre",,BOE: 16-01-1974,,
16623,(R.I.) - 55 – 0000014 - 00000,CORIA,CÁCERES,Recinto amurallado,"Calle del Horno, 13 CP. 10800",198039,4431854,Monumento,,,LA GACETA: 04-06-1931,,
7597,(R.I.) - 51 - 0004841 - 00000,CORIA,CÁCERES,Ermita de la Virgen de Argeme,"Polígono 14, parcela 7 CP. 10800",202584,4431530,Monumento,DECRETO 30-03-1983,,27-5-83,,
8835,(R.I.) - 51 - 0006066 - 00000,CORIA,CÁCERES,Castillo,"Plaza de la Cueva, CP. 10. 800","198022,38","4432033,03",Monumento,,,20-12-77,,
16025,(R.I.) - 53 – 0000432 - 00000,CORIA,CÁCERES,Conjunto Histórico,"Plaza San Pedro, 1 CP. 10800",198039,4431854,Conjunto Histórico,"DECRETO 72/1993, de 25 mayo",DOE: 01-06-1993,,,
3132,(R.I.) - 51 – 0000483 -0000,CORIA,CÁCERES,Iglesia Catedral de la Asunción,"Plaza de la Catedral, s/n CP. 10800",197960,4431753,Monumento,,,LA GACETA: 04-06-1931,,
16332,(R.I.) - 54 - 0000012 - 00000,CUACOS DE YUSTE,CÁCERES,"La Villa, paraje pintoresco","Plaza de España 1, CP. 10430",267862,4443013,Conjunto Histórico,,,BOE:07-03-1959,,
31141,(R.I.) - 51 - 0000492 - 00000,CUACOS DE YUSTE,CÁCERES,Monasterio de San Jerónimo de Yuste,"LG Yuste Polígono 1, parcela 109 CP. 10430",266608,4443969,Monumento,,,LA GACETA: 04-06-1931,,
11475,R-I-51-0008688-00000,DON BENITO,BADAJOZ,Iglesia Parroquial de Santiago,"Plaza de España, 14 CP. 06400",252051,4315599,Monumento,"DECRETO 2/1995, de 10 enero",DOE: 17-1-1995,,,
30015,,DON BENITO,BADAJOZ,Villa Romana la Majona," Diseminado la Isla, 21, CP. 06412","250455,95","4321833,41",Zona Arqueológica," DECRETO 148/2022, de 14  diciembre",DOE: 19-12-2022,06/02/2023,,
6957,(R.I.) - 51 - 0004236 - 00000,ELJAS,CÁCERES,Castillo de Eljas,"Calle Castelu Artu, 8 CP. 10891",172576,4458963,Monumento,"DECRETO 72/2022, de 8 junio",DOE: 14-06-2022,BOE:24-10-2022,,
15687,(R.I.) - 53 – 0000111 - 00000,FERIA,BADAJOZ,Conjunto Histórico,Plaza de Extremadura CP. 06390,189148,4268793,Conjunto Histórico,,,BOE: 12-05-1970,,
15976,(R.I.) - 53 – 0000384 - 00000,FREGENAL DE LA SIERRA,BADAJOZ,Conjunto Histórico,"Plaza Constitución, 1 CP. 06340",179763,4231097,Conjunto Histórico,,DOE: 25-02-1992,,,
28656,,FREGENAL DE LA SIERRA,BADAJOZ,Yacimiento Arqueológico Nertóbriga,"Polígono 42, Parcela 21, El Coto y Cabrito CP. 06340","183609,06","4225040,9",Zona Arqueológica,"DECRETO 76/2013,de 14 mayo",DOE:21-05-2013,,,
29717,,FREGENAL DE LA SIERRA,BADAJOZ,Danza y fiesta Virgen de la Salud,"Pl. Constitución, 1, CP. 06340","179956,22","4230985,22",Patrimonio Cultural Inmaterial,"DECRETO 157/2017, de 26 septiembre",DOE: 02-10-2017,BOE:,,
11084,(R.I.) - 51 – 00008301 - 00000,FUENTE DEL ARCO,BADAJOZ,Ermita de Nuestra Señora del Ara,Sierra de la Jayona CP. 06980,242304,4224494,Monumento,"DECRETO 171/2018, de 16 octubre",DOE: 22-10-2018,BOE:19-11-2018,,
8197,(R.I.) - 53 – 0005430 - 00000,FUENTE DEL MAESTRE,BADAJOZ,Iglesia Ntra. Sra. de la Candelaria,"Calle Santa María, 6 CP. 06380",199298,4270114,Monumento,"DECRETO 99/1993, de 20 julio",DOE: 31-07-1993,BOE: 31-07-1993,,
15983,(R.I.) - 53 – 0000391 - 00000,FUENTE DEL MAESTRE,BADAJOZ,Conjunto Histórico,"Plaza de España, 1 CP. 06380",199330,4270052,Conjunto Histórico,"DECRETO 136/1998, de 17 noviembre",DOE: 24-11-1998,BOE: 28-12-1998,,
15959,(R.I.) - 53 – 0000367 – -00001,GALISTEO,CÁCERES,Conjunto Histórico,"Plaza de España, 25 CP. 10691",220964,4430248,Conjunto Histórico,"DECRETO 99/1991, de 3 septiembre",DOE: 10-09-1991,BOE:,,
30153,,GARBAYUELA,BADAJOZ,La Danza y las Fiestas de San Blas de Garbayuela ,"Plaza Constitución, 1 Bajo CP. 06690","326909,04","4324122,47",Patrimonio Cultural Inmaterial,"DECRETO 59/2020, de 14 octubre",DOE: 20-10-2020,BOE: 20-03-2021,,
30299,,GARBAYUELA,BADAJOZ,Los Auroros,"Plaza Constitución, 1 Bajo CP. 06690","326909,04","4324122,47",Patrimonio Cultural Inmaterial,"DECRETO 116/2021, de 13 octubre",DOE: 19-10-2021,BOE: 22-12-2021,,
6973,(R.I.) - 51 – 0004252 – 00000,GARCIAZ,CÁCERES,Iglesia Parroquial Santiago Apóstol,"Calle Granados, 9 CP. 10250",273762,4365824,Monumento,ORDEN MINISTERIAL: 01/07/1977,,BOE: 08-09-1977,,
9692,(R.I.) - 51 – 0006922 – 00000,GARGANTA LA OLLA,CÁCERES,Iglesia Parroquial de San Lorenzo,"Plaza Portal, 1 CP. 10.412",263454,4443867,Monumento,"REAL DECRETO 1595/1989, de 22 diciembre",,BOE: 29-12-1989,,
15794,(R.I.) - 53 – 0000214 – 00000,GARGANTA LA OLLA,CÁCERES,Conjunto Histórico,"Plaza Mayor, 1 CP. 10412",263433,4443843,Conjunto Histórico,"REAL DECRETO 542/1978, de 10 febrero",,BOE: 25-03-1978,,
146382,,GARROVILLAS DE ALCONÉTAR,CÁCERES,Órgano de la iglesia parroquial de Santa María de la Consolación,"C. Sta. María, 1, 10940 ","195597,62","4401835,43",Bien Mueble,"Decreto 6/2020, de 26 de febrero",DOE:03-03-2020,BOE: 23-04-2020,,
9915,R-I-51-0007140-00000,GARROVILLAS DE ALCONÉTAR,CÁCERES,Convento de San Antonio,Polígono 14 parcela 3128 CP. 10940,195065,4401735,Monumento,"DECRETO 115/1991, de 22 octubre",DOE: 31-10-1991,,,1
3135,(R.I.) - 51 – 0000486 – 00000,GARROVILLAS DE ALCONÉTAR,CÁCERES,Puente romano de Alconétar,Polígono 15 parcela 9001 CP. 10940,205525,4406118,Monumento,,,LA GACETA: 04-06-1931,,
2328,,GATA,CACERES,Iglesia Parroquial de San Pedro,"Calle Santa María, 1 CP. 10860","194048,52","4460319,57",Monumento,"DECRETO 80/2023, de 26 julio",DOE: 21-058-2023,BOE: 09-10-2023,,
15898,(R.I.) - 53 – 0000307 – 00000,GATA,CÁCERES,Conjunto Histórico,"Plaza de la Constitución, 1 CP. 10860",194036,4460378,Conjunto Histórico,"DECRETO 28/1995, de 21 marzo",DOE: 01-04-1995,,,
15817,(R.I.) - 53 – 0000232 -00000,ZARZA DE GRANADILLA,CÁCERES,"Conjunto Histórico ""La Villa de Granadilla""",,235844,4462120,Conjunto Histórico,"REAL DECRETO 2428/1980, de 26 septiembre",,BOE: 10-11-1980,,
3764,(R.I.) - 51 – 0001076 - 00000,GRANJA DE TORREHERMOSA,BADAJOZ,Torre de la Iglesia Parroquial Ntra. Sra. de Concepción,"Calle Real, 2 CP. 06910",273139,4243484,Monumento,27-10-32,,27-10-1932,,
15547,(R.I.) - 53 – 0000009 -00000,GUADALUPE,CÁCERES,Conjunto Histórico,"Avenida Blas Pérez González, 2 CP. 10140",299765,4369628,Conjunto Histórico,DECRETO DE 27 de septiembre de 1943,,BOE: 10-10-1943,,
2632,(R.I.) - 51 – 0000024 – 00000,GUADALUPE,CÁCERES,Monastero. Santuario de Nuestra Señora de Guadalupe,"Plaza Santa María de Guadalupe, 52 CP. 10140",299744,4369617,Monumento,,,BOE:09-03-1879,,
,(R.I.) - 51 – 0001118 – 00000,GUADALUPE,CÁCERES,Granja de Valdefuentes,"Granja Valdefuentes, polígono 31 parcela 3",301404,4365247,Monumento,03/06/1931,,LA GACETA: 04-06-1930,,
3610,(R.I.) - 51 - 0000943 - 00000,GUADALUPE,CÁCERES,Granja de Mirabel,Paraje. Ermita de Mirabel CP. 10140 ,297079,4367841,Monumento,03/06/1931,,LA GACETA: 04-06-1930,,
3072,(R.I.) - 51 – 0000425 – 00000,GUADALUPE,CÁCERES,Humilladero,Paraje. Ermita de Mirabel CP. 10141,297983,4371012,Monumento,,,LA GACETA: 04-06-1931,,
29795,,GUADALUPE,CÁCERES,Sistema de Abastecimiento hidráulico medieval al Real Monasterio de Guadalupe,"Polígono 15, parcela 2 CP. 10140","296336,88","4370755,23",Monumento,"DECRETO 166/2017, de 17 octubre",23-10-2017,BOE: 10-01-2018,,
8195,(R.I.) - 51 - 0005428 - 00000,GUAREÑA,BADAJOZ,Iglesia Parroquial de Sta. María,"Calle Santa María, 7 CP. 06470",230629,4305834,Monumento,"DECRETO 1557/1990, de 30 noviembre",,BOE: 04-12-1990,,
30154,,GUAREÑA,BADAJOZ,"Conjunto arqueológico de ""Casas del Turuñuelo""",,"234394,51","4315623,06",Zona Arqueológica,"Decreto 31/2021, de 28 de abril",DOE: 04-05-2021,BOE: 03-06-2021,,
29953,,HERRERA DEL DUQUE (PELOCHE),BADAJOZ,Fiestas Patronales de San Antonio Abad,,"315514,7","4339863,79",Patrimonio Cultural Inmaterial,"DECRETO 134/2022, de 9 de noviembre",DOE 15-11-2022,03/12/2022,,
15676,( A.R.I. - 53 – 0000101 - 00000,HERVÁS,CÁCERES,Conjunto Histórico (Barrio Judío),"Plaza González Fiori, 7 CP. 10700",257116,4462166,Conjunto Histórico,"DECRETO 308/1969, 13 febrero",,BOE: 03-03-1969,,
9734,(R.I.) - 51 - 0006965 - 00000,HORNACHOS,BADAJOZ,Iglesia Parroquial de la Purísima Concepción,"Calle Iglesia, 27 CP. 06228",232923,4271835,Monumento,"REAL DECRETO 1035/1990, de 27 julio",,BOE:07-08-1990,,
2331,1272,HOYOS,CÁCERES,Iglesia parroquial del Buen Varón,"Plaza Mayor, 5 CP. 10850",183108,4453380,Monumento,"DECRETO 102/2018, de 3 julio",DOE: 09-07-2018,BOE:,,
9758,(R.I.) - 51 - 0006989 - 00000,JARAIZ DE LA VERA,CÁCERES,Iglesia de Santa María,"C/ Crucera Santa María, 1 CP. 10400",264845,4438036,Monumento,16-11-90,,BOE: 21-11-1990,,
15653,R-I-53-0000080-00000,JEREZ DE LOS CABALLEROS,BADAJOZ,Conjunto Histórico,"Plaza de España, 25 CP. 06380",170420,4248150,Conjunto Histórico,"DECRETO 3301/1966, de 29 diciembre",DOE: 24-01-1967,,,
3044,R.I.) – 51 – 0000398-00000,JEREZ DE LOS CABALLEROS,BADAJOZ,Monumento Nacional Sepulcro Megalítico de la Granja del Toriñuelo,"La Granja, s/n CP. 06380",175346,4249182,Zona Arqueológica,"DECRETO 29/2019, de 1 abril",,BOE: 03-05-2019,,
2354,1299,JEREZ DE LOS CABALLEROS,BADAJOZ,Iglesia de San Bartolomé,"Calle Llano San Bartolomé, 8 CP. 06380",170275,4248294,Monumento,"DECRETO 188/2013, de 8 octubre",DOE: 14-10-2013,BOE: 15-11-2013,,
30137,,JEREZ DE LOS CABALLEROS,BADAJOZ,"""Casa Romana El Pomar""","C. Ruinas Romanas, 2, CP. 06380",170809,4248207,Zona Arqueológica,"DECRETO 4/2021, de 3 febrero",DOE: 9-02-2021,BOE: 20-03-2021,,
,( R.I. ) - 53 - 0000080 - 00000,JEREZ DE LOS CABALLEROS,BADAJOZ,Conjunto Histórico,Plaza de la Alcazaba s/n CP. 06380,170420,4248150,,"DECRETO 3301/1966, de 29 diciembre",,BOE: 24-01-2967,,
28630,,LA PARRA,BADAJOZ,Convento de Santa Clara,"Calle Santa María, 13b CP. 06176",183970,4269958,Monumento,"DECRETO 81/2013, de 21 mayo",DOE: 28-05-2013,BOE: 16-07-2013,,
9847,A-R-I-51-000007072,LA ZARZA,BADAJOZ,Iglesia Parroquial de San Martín,"Calle Iglesia, 34 CP. 06830",221004,4301364,Monumento,"DECRETO 223/2014, de 30 septiembre",DOE: 06-10-2014,BOE: 29-12-2014,,
0104,A-R-I-104.,LA ZARZA,BADAJOZ, Abrigo de La Calderita - Pinturas Rupestres,"Polígono 7, parcela 474, Calderita CP. 06830",220052,4299434,Zona Arqueológica,"DECRETO 2/2011, de 14 enero",DOE: 20-01-2011,BOE: 09-02-2011,,
28578,,LLERA,BADAJOZ,"Conjunto de chozos, zahúrdas y cerca de la finca Las Mil y Quinientas",CP. 06100,229722,4264446,Lugar de Interés Etnológico,"DECRETO 23/2013, de 5 MARZO",DOE: 12-03-2013,BOE: 15-04-2013,,
15654,R-I-53-0000081-00000,LLERENA,BADAJOZ,Conjunto Histórico,"Plaza de España, 1 CP. 06900",236113,4236514,Conjunto Histórico,"DECRETO 3302/1966, de 29 diciembre",,BOE: 24-01-1967,,
16628,(R.I.) - 55 - 0000019 - 00000,LOGROSÁN,CÁCERES,Ruinas Arqueológicas Sierra de San Cristóbal,"Polígono 41 parcela 329, La Marina CP. 10120","284829,57","4356234,3",Monumento,,,LA GACETA: 04-06-1931,,
2333,1274,LOSAR DE LA VERA,CÁCERES,Iglesia Parroquial de Santiago,"Pl. España, 4, CP. 10460 ",278164,4444423,Monumento, DECRETO 58/2022 de 25 de mayo,DOE: 01-06-2022,BOE: 04-11-2022,,
7137,R.I.) - 51 - 0004411 - 00000,MADRIGALEJO,CÁCERES,Restos de la Casa Santa María,"Calle Santa María, 11 CP. 10110",273164,4335605,Monumento,"REAL DECRETO 594/1980, de 22 febrero",,BOE: 02-04-1980,,
30621,,MAGACELA,BADAJOZ,Conjunto de Hornos,,"264373,69","4307480,62",Lugar de Interés Etnológico,DECRETO 14/2024. de 20 febrero,DOE: 26-02-2024,,,
15992,R-I-53-0000400-00000,MAGACELA,BADAJOZ,Conjunto Histórico,"Avenida de la Constitución, 2 CP. 06468",262676,4308815,Conjunto Histórico,"DECRETO 76/2017, de 13 junio que modifica el DECRETO 35/1994, de 7 marzo",DOE: 12-03-1994 Y DOE: 19-06-2017 ,BOE: 27-07-2017,,
16415,(R.I.) - 54 – 0000077 - 00000,MALPARTIDA DE CÁCERES,CÁCERES,Lavadero de los Barruecos,,198340,4369498,Sitio Histórico,"DECRETO 62/1991, de 23 julio",DOE: 30-07-1991,BOE:19-11-2018,,
2352,1294,MALPARTIDA DE PLASENCIA,CÁCERES,Iglesia de San Juan Bautista,"Plaza Iglesia, 14 CP. 10680",240108,4429998,Monumento,"DECRETO 172/2018, de 16 octubre",DOE: 22-10-2018,,,
28812,,MEDELLÍN,BADAJOZ,Patrimonio Histórico-Artístico,"Plaza Hernán Cortés, 1 CP. 06411",243676,4317215,Sitio Histórico,"DECRETO 162/2014, de 22 julio",DOE: 28-07-2014,BOE: 23-10-2014,,
29847,,MEDINA DE LAS TORRES,BADAJOZ,Ciudad romana de Contributa iulia Ugultunia-yacimiento Los Cercos,"Polígono 2, parcela 397, Los Cercos CP. 06320",203727,4249859,Zona Arqueológica,"DECRETO 22/2018, de 14 febrero",DOE: 19-02-2018,BOE:,,
,(R.I.) - 51 – 0000108 - 00000,MÉRIDA,BADAJOZ,Anfiteatro romano,"Plaza Margarita Xirgú, s/n CP. 06800",210586,4312773,Monumento,,,GACETA MADRID: 03-01-1913,,1
,(R.I.) - 51 – 0000113 - 00000,MÉRIDA,BADAJOZ,"Acueducto de San Lázaro Acueducto ""Rabo de Buey"".","Avenida Juan Carlos I, s/n CP. 06800","210818,66","4313838,42",Monumento,,,GACETA MADRID: 03-01-1913 / BOE: 08-09-1988,,
2726,(R.I.) - 51 – 0000114 - 00000,MÉRIDA,BADAJOZ,Pantano de Proserpina,Carretera de Proserpina CP. 06800,208387,4318512,Monumento,,,,,
,(R.I.) - 51 – 0000123- 00000,MÉRIDA,BADAJOZ,Iglesia Parroquial de Sta. Eulalia,"Av. Extremadura, 11, CP. 06800","210253,42","4313289,45",Monumento,,,GACETA MADRID: 03-01-1913,,
2718,(R.I.) - 51 – 0000106- 00000,MÉRIDA,BADAJOZ,Dólmen del Prado de Lácara,Cordobilla de Lácara ,"203952,22","4327872,59",Monumento,,,GACETA MADRID: 04/06/1931,,1
,(R.I.) - 51 – 0000120- 00000,MÉRIDA,BADAJOZ,Columbarios romanos,"Calle Vía Ensanche, s/n CP. 06800",210480,4312400,Monumento,,,GACETA MADRID: 03-01-1913,,
,(R.I.) - 51 – 0000117- 00000,MÉRIDA,BADAJOZ,Arco romano de Trajano,"C. Trajano, 8 CP. 06800",209856,4312987,Monumento,,,GACETA MADRID: 03-01-1913,,
,(R.I.) - 51 – 0000121- 00000,MÉRIDA,BADAJOZ,Termas en calle General Aranda (Actual c/ Reyes Huertas),"C. Reyes Huertas, 1, CP. 06800",210466,4313015,Monumento,,,GACETA MADRID: 03-01-1913,,
8087,(R.I.) - 51 – 0005321 - 00000,MÉRIDA,BADAJOZ,Convento de San Andrés o Santo Domingo,"Plaza de Santo Domingo, 3 CP. 06800",210029,4312511,Monumento,29-10-92,DOE: 29-10-1992  DOE: 09-10-1992 (Corrección de errores),30/10/1992,,
8088,(R.I.) - 51 – 0005321 - 00001,MÉRIDA,BADAJOZ,Convento de San Andrés. Delimitación del entorno de Protección,"Plaza de Santo Domingo, 3 CP. 06800",210029,4312511,Monumento,,DOE: 09-12-1997,BOE: 19-01-1998,,
16835,(R.I.) - 55 – 0000221 - 00000,MÉRIDA,BADAJOZ,Casa del Mitreo,"Calle Oviedo, 2 (A) CP. 06800",210294,4312226,Zona Arqueológica,,,BOE: 19-09-1990,,
16836,(R.I.) - 55 – 0000222 - 00000,MÉRIDA,BADAJOZ,Casa del Anfiteatro,"Calle Mariano José de Larra, 46 (A) CP. 06800",210654,4312915,Zona Arqueológica,,,DOE: 26-11-1991,,
,(R.I.) - 51 – 0000112 - 00000,MÉRIDA,BADAJOZ,Acueducto romano de Los Milagros," Av. Vía de la Plata, S/N,  CP. 06800",209754,4313672,Monumento,,,LA GACETA: 03-01-1913,,
2736,(R.I.) - 51 – 0000124 - 00000,MÉRIDA,BADAJOZ,Alcazaba-Conventual,"Paseo Roma, s/n CP. 06800",209816,4312656,Monumento,,,LA GACETA: 03-01-1913,,
8218,ARI-51-0005450-00000/5449,MÉRIDA,BADAJOZ,Monasterio de San Isidro de Loriana,,191112,4338938,Monumento,"DECRETO 214/2013, de 12 noviembre",DOE: 18-11-2013,BOE: 27-01-2014,,
,(R.I.) - 51 – 0000122 - 00000,MÉRIDA,BADAJOZ,Basílica romano-cristiana,"Plaza Margarita Xirgu, s/n, CP. 06800",210460,4312683,Monumento,,,GACETA MADRID: 03-01-1913,,
,(R.I.) - 51 – 0000107 - 00000,MÉRIDA,BADAJOZ,Teatro Romano,"Plaza Margarita Xirgu, s/n, CP. 06800",210517,4312697,Monumento,,,GACETA MADRID: 03-01-1913,,1
,(R.I.) - 51 – 0000118 - 00000,MÉRIDA,BADAJOZ,Templo Romano de Diana,"C. Sta. Julia, 5 CP. 06800","210033,21","4312836,53",Monumento,,,GACETA MADRID: 03-01-1913,,
15726,R.I.) – 53 – 0000148-00000,MÉRIDA,BADAJOZ,Conjunto Histórico ,"Plaza de España, 1 CP.06800",209996,4313093,Conjunto Histórico,,,BOE: 27-02-1982,,
8136,(R.I.) - 51 – 0005396 - 00000 / 0005369,MÉRIDA,BADAJOZ,Antiguo Convento de Santa Eulalia (Convento de las Freylas),"Avenida Extremadura, 9 CP. 06800","210218,77","4313291,95",Monumento,,,BOE: 11-05-1988,,
,(R.I.) - 51 – 0000109 - 00000,MÉRIDA,BADAJOZ,Circo Romano,"Av. de Juan Carlos I, s/n, CP. 06800",211101,4313184,Monumento,,,GACETA MADRID: 03-01-1913,,
,(R.I.) - 51 – 0001309 - 00000,MÉRIDA,BADAJOZ,Museo Arqueológico Provincial,,209818,4312908,Monumento,,,GACETA MADRID: 03-01-1913 / BOE: 09-03-1962,,
2723,(R.I.) - 51 – 0000111 - 00000,MÉRIDA,BADAJOZ,Puente romano sobre Albarregas,"Avenida Vía de la Plata, s/n CP. 06800",209643,4313656,Monumento,,,GACETA MADRID: 03-01-1913,,
,(R.I.) - BI– 0000030 - 00000,MÉRIDA,BADAJOZ,Biblioteca Pública del Estado,,"208921,88","4312679,78",,,,BOE: 29-06-1985,,
,(R.I.) - 51 – 0000119 - 00000,MÉRIDA,BADAJOZ,Restos del Templo Romano de Marte,"Av. Extremadura, 11, CP. 06800",210266,4313259,Monumento,,,GACETA MADRID: 03-01-1913,,
30564,,MÉRIDA,BADAJOZ,Festival Internacional de Teatro Clásico,"Plaza de España 1, CP. 06800","209899,75","4312840,45",Patrimonio Cultural Inmaterial,"DECRETO 25/2024, de 26 marzo",DOE: 02-04-2024,,,
,(R.I.) - 51 – 0000110 - 00000,MÉRIDA,BADAJOZ,Puente Romano sobre el Guadiana,"Paseo de Roma, s/n CP. 06800",209476,4312505,Monumento,,,GACETA MADRID: 03-01-1913,,
11485,(R.I.) - 51 - 0008698 - 00000,MIAJADAS,CÁCERES,Iglesia Parroquial de Santiago Apóstol,"Calle Santiago, 1 CP. 10100",248684,4337762,Monumento,DECRETO 15/2020. de 11 de marzo,DOE: 17-03-2020,BOE: 03-06-2020,,
28419,28419,MONESTERIO,BADAJOZ,"Conjunto “Huerta, noria y cocedero de altramuces” Finca La Cabra",,209798,4224085,Lugar de Interés Etnológico,"DECRETO 68/2012, de 27 abril",DOE: 04-05-2012,BOE:11-07-2012,,
2336,1278,MONTEHERMOSO,CÁCERES,Iglesia parroquial Ntra. Sra. De la Asunción,"C. la Iglesia,CP.  10810 ",214418,4442992,Monumento,Decreto 18/2022 de 2 de marzo,DOE: 08-03-2022,BOE: 19-04-2022,,
29119,,MORALEJA,CÁCERES,Casa de la Encomienda,"Plaza de la Encomienda, 2 CP. 10840",187602,4441700,Monumento," DECRETO 10/2016, de 2 de febrero",DOE 08-02-2016,BOE: 29-04-2016,,
,(R.I.) - 51 - 0000484 - 00000,OLIVA DE PLASENCIA,CÁCERES,Arco romano de Cáparra,,235923,4450858,Monumento,3-6-1931,,LA GACETA: 04-06-1931,,
,(R.I.) - 51 - 0000485 - 00000,OLIVA DE PLASENCIA,CÁCERES,Puente romano de Cáparra,"CC-11.2, 10665 Oliva de Plasencia ",232691,4453675,Monumento,3-6-1931,,LA GACETA: 04-06-1931,,
16625,(R.I.) - 55 - 0000016 - 00000,OLIVA DE PLASENCIA,CÁCERES,Ruinas romanas de Cáparra,"Polígono 5, parcela 12 Fresnedilla CP. 10667",235943,4450836,Zona Arqueológica,3-6-1931,,LA GACETA: 04-06-1931,,
15615,R-I-53-0000047-00000,OLIVENZA,BADAJOZ,Conjunto Histórico Artístico de Olivenza,"Plaza de la Constitución, 2 CP. 06100",143310,4289838,Conjunto Histórico,18-6-1964,,BOE: 17-07-1964,,
8191,R-I-51-0005424-00000,OLIVENZA,BADAJOZ,Capilla del Hospital o Casa de la Misericordia,"Calle Caridad, 10 CP. 06100",143278,4289769,Monumento,10-3-1992,,DOE:17-03-1992,,
14172,(A.R.I. - 51-0011235-00000,OLIVENZA,BADAJOZ,Puente Ajuda,Embalse de Alqueva CP. 06100,137660,4300230,Monumento,"DECRETO 52/2009, de 13 marzo",DOE: 19-03-2009,BOE: 18-10-2012,,
,(R.I.) - 51 - 0001190 - 00000,ORELLANA LA VIEJA,BADAJOZ,Palacio Castillo del Marqués de Belgida,"Ronda Palacio, 1, CP: 06740",280623,4320314,Monumento,3-3-89,,5-5-1948,,
2358,1303,PALOMAS,BADAJOZ,Iglesia Parroquial Nuestra Señora de Gracia,"Calle Iglesia, 5 cp. 06476",227453,4287169,Monumento,"DECRETO 213/2013, de 12 noviembre",DOE: 18-11-2013,BOE: 27-01-2014,,
,R-I-53-0000433-00000,PASARÓN DE LA VERA,CÁCERES,Conjunto histórico,"Plaza de España 1, CP. 10411",259364,4437316,,"DECERTO 98/1998, de 21 julio",DOE: 28-07-1998,,,
2337,1279,PASARÓN DE LA VERA,CÁCERES,Iglesia Parroquial del Salvador,"Plaza Iglesia, 14 CP. 10411",259333,4437225,Monumento,"DECRETO 73/2016, de 7 junio",DOE: 13-06-2016,BOE:30-06-2016,,
29796,,PASARÓN DE LA VERA,CÁCERES,Palacio de los Condes de Osorno,"Calle la Magdalena, 1 CP. 10411","259382,4","4437544,63",Monumento,"DECRETO 60/2018, de 15 mayo",DOE: 21-05-2018,BOE: 19-06-2018,,
30302,,PEÑALSORDO,BADAJOZ,La Octava del Corpus,"Plaza de España, 1 CP. 06610","316280,26","4298872,79",Patrimonio Cultural Inmaterial,"DECRETO 31/2022, de 23 marzo",DOE: 29-03-2022,BOE: 19-04-2022,,
3131,(R.I.) - 51 – 0000482 - 00000,PLASENCIA,CÁCERES,Catedral de Santa María,"Plaza de la Catedral, 1 CP. 10600","236263,56","4435450,46",Monumento,,,LA GACETA: 04-06-1931,,
6982,(R.I.) - 51 – 0004261 - 00000,PLASENCIA,CÁCERES,Palacio de Mirabel,"Plaza San Vicente Ferrer, 1 CP. 10.600",236055,4435600,Monumento,,,BOE: 10-02-1978,,
15577,R-I-53-0000028-00000,PLASENCIA,CÁCERES,Conjunto Histórico,"Calle Rey, 6 CP. 10600",236277,4435663,Conjunto Histórico,20-6-58,,BOE: 08-07-1958,,
28811,,PLASENCIA,CÁCERES,Palacio Carvajal-Girón,"Plaza Ansano, 1 CP. 10600",236193,4435540,Monumento,"DECRETO 242/2013, de 23 diciembre",DOE: 02-01-2014,BOE: 07-02-2014,,
28705,,PUEBLA DE LA REINA,BADAJOZ,Iglesia Parroquial de Santa Olalla,"Plaza de la Iglesia, s,n CP. 06477",230002,4284037,Monumento,"DECRETO 222/2014, 30 septiembre",DOE: 06-10-2014,BOE: 25-12-2014,,
,(R.I.) - 51 - 0000404 - 00000,REINA,BADAJOZ,Alcazaba,Polígono 6 Parcela 1 CP. 06970,241057,4231005,Monumento,3-6-31,,LA GACETA: 04-06-1931,,
16023,R-I-53-0000430-00000,ROBLEDILLO DE GATA,CÁCERES,Conjunto Histórico,"Plaza Pizarro, 6 Es: E, Pl: 00, Pt: 01 CP. 10867",205098,4469373,Conjunto Histórico,"DECRETO 39/1994, de 7 marzo",DOE: 15-03-1994,,,
28666,,ROMANGORDO,CÁCERES,Yacimiento Arqueológico de Albalat,"Polígono 1, parcela 19, La Cañada CP. 10859",266987,4406295,Zona Arqueológica,"DECRETO 14/2014, de 18 febrero",DOE: 24-02-2014,BOE: 25-03-2014,,
30136,,ROMANGORDO,CÁCERES,Iglesia parroquial de Santa Catalina ,"Plaza España, 6 CP. 10359","268528,58","4402592,4",Monumento,"DECRETO 14/2020, de 11 de marzo, ",DOE: 17-03-2020,BOE:29-05-2020,,
16411,R-I-54-0000073-00000,SALVATIERRA DE LOS BARROS,BADAJOZ,Pozo o Casa de la Nieve,"Polígono 16, parcela 342, Pozo Nieve CP. 06175","177882,57","4267242,19",Sitio Histórico,"DECRETO 109/1994, de 2 agosto",DOE: 11-08-1994,,,
2727,(R.I.) - 51 - 0000115 - 00000,MÉRIDA,BADAJOZ,Pantano Romano de Cornalvo,"Autovía A-5, salida Trujillanos ",223599,4320362,Monumento,13-12-12,,LA GACETA: 03-01-1913,,
1074,(R.I.) - 51 - 0007298 - 00000,SAN VICENTE DE ALCÁNTARA,BADAJOZ,Ermita de Santa Ana,"Calle La Puertita, 21 CP. 06500",143505,4364863,Monumento,"DECRETO 51/1994, de 22marzo",DOE: 29-03-1994,BOE:,,
9782,(A.R.I.) - 51 - 0007013 - 00000,SANTA AMALIA,BADAJOZ,Iglesia Parroquial de Santa Amalia,"Plaza España, 17 CP. 06410",239238,4322430,Monumento,"DECRETO 215/2014, de 16 septiembre",DOE: 19-09-2014,BOE: 23-10-2014,,
6640,(R.I.) - 51 – 0003930 - 00000,SANTA CRUZ DE LA SIERRA,CÁCERES,Iglesia Parroquial de la Vera Cruz,"Calle Real, 2 CP. 10.260",254708,4357942,Monumento,21-2-74,,BOE 13-04-1974,,
16627,(R.I.) - 55 – 0000018 - 00000,SANTA CRUZ DE LA SIERRA,CÁCERES,Castro,,254626,4356169,Zona Arqueológica,,,LA GACETA:04-06-1931,,
16619,(R.I.) - 55 - 0000010 - 00000,SANTA MARTA DE LOS BARROS,BADAJOZ,Villa Romana,Paraje La Dehesilla,184277,4278642,Zona Arqueológica,,,LA GACETA: 04-06-1931,,
0105,,SANTIBÁÑEZ EL ALTO,CÁCERES,Conjunto Agroganadero Los Pajares,"Polígono 13, parcela 677, Dehesa Boyal CP. 10859",197512,4453503,Lugar de Interés Etnológico,"DECRETO 199/2010, de 15 octubre",DOE: 21-10-2010,BOE:,,
15406,R-I-51-0012328-00000,SEGURA DE LEÓN,BADAJOZ,Iglesia Parroquial Nuestra Señora de la Asunción,"Calle Iglesia, 2 CP. 06270",190604,4225032,Monumento,"DECRETO 109/2009, de 8 mayo",DOE: 15-05-2009,,,
7729,(R.I.) - 51 - 0004499 - 00000,SERRADILLA,CÁCERES,Monasterio del Santísimo Cristo de la Victoria,"Calle Liberato Alonso, 15 CP. 10530",231382,4413637,Monumento,,,BOE: 10-08-1981,,
30259,R-M-14-0000023,SIERRA DE GATA,CÁCERES,"A FALA (ELJAS, SAN MARTÍN DE TREVEJO Y VALVERDE DEL FRESNO)","Plaza de la Constitución 1 CP. 10891 - Eljas ; Plaza Mayor, 1 CP. 10892 San Martín de Trevejo; Plaza de la Constitución, 5 CP. 10890 Valverde del Fresno","172649,31","4458957,84",Patrimonio Inmaterial,"DECRETO 45/2001, de 20 marzo",DOE: 27-03-2001,BOE: 24-04-2001,,
7123,(R.I.) - 51 – 0004397 - 00000,TEJEDA DE TIÉTAR,CÁCERES,Iglesia Parroquial de San Miguel,"Calle San Juan, 10 CP. 10420",255247,4433921,Monumento,ORDEN de 13 diciembre 1979,,BOE: 08-01-1980,,
30056,,TORRE DE DON MIGUEL,CÁCERES,Iglesia parroquial de Nuestra Señora de la Asunción,"Plaza Mayor, 9 CP. 10864",195639,4458784,Monumento,"DECRETO 173/2019, de 5 noviembre",DOE: 11-11-2019,BOE: 03-12-2019,,
28752,,TORREJONCILLO,CÁCERES,Iglesia de San Andrés,"Plaza Mayor, 1 CP. 06830",203679,4422017,Monumento,"DECRETO 8/2014, de 4 febrero",DOE: 10-02-2014,BOE: 25-03-2014,,
11894,R-I-51-0009090-00000,TORREMEJÍA,BADAJOZ,Casa Palacio de los Lastra,"Calle Grande, 70 CP. 06210",206314,4298917,Monumento,4-4-95,,DOE: 08-04-1995,,
29759,,TORREQUEMADA,CÁCERES,Las Corralás,"Polígono 5, parcela 153, Dehesa Boyal CO. 10183",222097,4361584,Lugar de Interés Etnológico,"DECRETO 174/2017, de 24 octubre",DOE: 30-10-2017,BOE: 10-01-2018,,
7024,(R.I.) - 51 - 0004301 - 00000,TRUJILLO,CÁCERES,(Convento) Palacio de San Carlos,"Calle García de Paredes, 2 (D) CP. 10.200",252171,4371907,Monumento,,,,,
,(R.I.) - 51 - 0000308 - 00000,TRUJILLO,CÁCERES,Castillo,"Pl. del Castillo, 1, CP. 10200",251989,4372112,Monumento,,,BOE: 18-04-1925,,
3816,(R.I.) - 51 - 0001127 - 00000,TRUJILLO,CÁCERES,Templo de Santa María la Mayor,"Plaza de los Moritos, 9  CP. 10.200",252853,4371874,Monumento,,,BOE: 03-03-1969,,
7799,(R.I.) - 51 - 0005033 - 00000,TRUJILLO,CÁCERES,Casa-palacio del Marqués de la Conquista,"Plaza Mayor, 1 CP. 10.200",252061,4371805,Monumento,"REAL DECRETO 1454/1987, de 27 noviembre",,BOE 28-11-1987,,
,(R.I.) - 51 - 0006854 - 00000,TRUJILLO,CÁCERES,Palacio Juan Pizarro de Orellana,"Plaza Juan de Tena, 1 CP. 10.200",252000,4371796,Monumento,"REAL DECRETO 196/1989, de 17 febrero",,BOE: 25-02-1989,,
9954,(R.I.) - 51 - 0007178 - 00000,TRUJILLO,CÁCERES,Palacio Viejo o de la Cadena y Anejos,Polígono 24 Parcela 269 CP. 10292,252041,4371882,Monumento,"DECRETO 1/1992, de 14 enero",,BOE: 21-01-1992,,
15584,R-I-53-0000034-00000,TRUJILLO,CÁCERES,Conjunto Histórico,Paseo de Jacinto Ruiz de Mendoza s/n CP. 10.200,252106,4371841,Monumento,"DECRETO 2223/1962, de 5 septiembre",,BOE : 07-09-1962,,
7263,(R.I.) - 51 - 0004532 - 00000,VALENCIA DE ALCÁNTARA,CÁCERES,Iglesia de Nuestra Señora de Rocamador,"Calle Rocamador, 1 CP. 10.500",134904,4371153,Monumento,"REAL DECRETO 3312/1981, de 30 octubre",,BOE: 18-01-1982,,
16073,R-I-53-0000480-00000,VALENCIA DE ALCÁNTARA,CÁCERES,Barrio Gótico de Valencia de Alcántara,"Plaza de la Constitución, 1 CP. 10500",134746,4371287,Conjunto Histórico,"DECRETO 38/1997, de 18 marzo",DOE: 25-03-1997,BOE  12-05-1997,,
16993,R-I-55-0000377-00000,VALENCIA DE ALCÁNTARA,CÁCERES,Conjunto de Dólmenes,,"132412,96","4368867,43",Zona Arqueológica,"DECRETO 51/1992, de 5 mayo",DOE: 14-05-1992,,,
28570,,VALLE DE LA SERENA,BADAJOZ,Las Eras del Lejío,,256119,4288076,Lugar de Interés Etnológico,"DECRETO 32/2013, de 12 marzo",DOE: 19-03-2013,BOE: 15-04-2013,,
30129,,VALVERDE DE BURGUILLOS,BADAJOZ,La Cultura del Agua,Calle Charco CP. 06378,"190768,38","4247865,66",Lugar de Interés Etnológico,"Decreto 10/2020, de 4 de marzo",DOE: 10-03-2020,BOE: 23-04-2020,,
15697,R-I-53-0000120-00000,VALVERDE DE LA VERA,CÁCERES,Conjunto Histórico,"Plaza de España, 3 CP. 10.490",287434,4444371,Conjunto Histórico,30-12-71,,BOE: 02-02-1971,,
30138,,VALVERDE DE LEGANÉS,BADAJOZ,Convento de la Madre de Dios,,"150860,49","4288018,75",Monumento,"Decreto 80/2020, de 23 de diciembre, ",DOE: 30-12-2020,BOE: 20-03-2021,,
147431-147451,,VARIOS TÉRMINOS,CACERES/BADAJOZ,Paneles de azulejos de Nitrato de Chile,,,,Bien Mueble,DECRETO 73/2023 de 28 junio,DOE: 04-07-2023-,BOE:,,
30130,,VARIOS TÉRMINOS (VALENCIA DEL VENTOSO Y FREGENAL DE LA SIERRA),BADAJOZ,Menhires de la cuenca del Ardila,"Polígono 18, parcela 7 Bastranca CP. 06340;                 Polígono 19, parcela 77 CP. 06330","195751,84",4241046.43,Zona Arqueológica,"DECRETO 16/2020, de 11 marzo",DOE: 17-03-2020,BOE: 29-05-2020,,
30050,(A.R.I.) - 51 -0007055 - 00000,VARIOS TÉRMINOS-JARAICEJO Y TORRECILLAS DE LA TIESA,CÁCERES,Puente del Cardenal,,"258267,31",4392481,Monumento,"DECRETO 172/2019, de 5 noviembre",DOE: 11-11-2013,BOE: 03-12-2019,,
2357,1302,VILLAFRANCA DE LOS BARROS,BADAJOZ,Iglesia Parroquial Ntra. Sra. del Valle,"Plaza España, 1 CP. 06220",208996,4273370,Monumento,"DECRETO 212/2014, 9 de septiembre",DOE: 15-09-2014,BOE: 23-10-2014,,
8219,R-I-51-0005450-00000,VILLAFRANCA DE LOS BARROS,BADAJOZ,Antigua Fábrica de las harinas,"Calle Maestro Soler, 16 CP. 06220",208500,4273502,Monumento,"DECRETO 133/1994, de 14 febrerero",DOE: 22-11-1994,,,
7450,(R.I.) - 51 - 0004704 - 00000,VILLAMIEL,CÁCERES,Iglesia y Espadaña de Trevejo,"Polígono 24, parcela 200 y 201  CP. 10.894",178049,4453807,Monumento,27-9-82,,20-11-82,,
30171,,VILLANUEVA DE LA SERENA,BADAJOZ,iglesia parroquial de Nuestra Señora de la Asunción," Pl. de España, 8, CP. 06700","257454,18","4317634,16",Monumento,"DECRETO 125/2021, de 3 noviembre",9-11-2021,BOE: 19-04-2022,,
29761,,VILLANUEVA DE LA SIERRA,CÁCERES,Fiesta del Árbol,Plaza de España 1 CP. 10812,"210091,26","4455577,67",Patrimonio Inmaterial,"DECRETO 103/2017, de 4 de julio",DOE: 10-07-2017,,,
15867,(R.I.) - 53 – 0000277 - 00000,VILLANUEVA DE LA VERA,CÁCERES,Conjunto Histórico,"Plaza Aniceto Mariñas, 1 CP. 10470",290191,4444982,Monumento,15-12-82,,BOE: 26-01-1983,,
16413,(R.I.) - 54 – 0000075-00000,VILLAR DEL REY,BADAJOZ,Pozo de la Nieve,"Camino del Pozo de las Nieves, 2 CP. 06192",167015,4338224,Sitio Histórico,2-8-94,,DOE: 11-08-1994,,
15628,(R.I.) - 53 - 0000060-00000,ZAFRA,BADAJOZ,Conjunto Histórico,"Plaza Pilar Redondo, 1 CP. 06300",201490,4258590,Conjunto Histórico,DECRETO 1505/1965 de 20 mayo,,BOE: 08-06-1965,,
3047,(R.I.) - 51 - 0000401-00000,ZAFRA,BADAJOZ,Alcázar,"Plaza Corazón de María, 7 CP. 06300",201715,4258395,Monumento,3-6-31,,LA GACETA:04-06-1931,,
8092,(R.I.) - 51 - 0005325-00000,ZAFRA,BADAJOZ,Iglesia Parroquial de Santa Marina,"Calle Santa Marina, 6 CP. 06300",201652,4258353,Monumento,2-9-88,,BOE:08-09-1988,,
7738,(R.I.) - 51 - 0004975-00000,ZAFRA,BADAJOZ,Convento de Santa Clara,"Calle Sevilla, 30 CP. 06300",201517,4258396,Monumento,16-11-83,,BOE:17-02-1984,,
28657,,ZAFRA,BADAJOZ,Hospital de San Miguel,"Calle San José, 17 CP. 06300",201532,4258776,Monumento,,,BOE:29-11-2013,,
3041,(R.I.) - 51 - 0000395 - 00000,ZALAMEA DE LA SERENA,BADAJOZ,Ruinas Romanas,"Plaza Constitución, 1 CP. 06430",268460,4281332,Monumento,3-6-31,,LA GACETA: 04-06-1931,,
16853,(R.I.) - 55 - 0000239 - 00000,ZALAMEA DE LA SERENA,BADAJOZ,Yacimiento Arqueológico “Cancho Roano”,"Carretera EX-114, km. 3 CP. 06430",266420,4287032,Zona Arqueológica,10-2-89,,BOE: 14-02-1989,,
7969,R-I-51-0005203-00000,ZARZA LA MAYOR,CÁCERES,Fuente Conceja,"Polígono 5, parcela 31 CP. 10.880",169341,4421122,Monumento,"REAL DECRETO 169/1988, de 26 febrero",,BOE: 01-03-1988,,
